{"cameraMode":{"drawMode":0,"name":"Shaded","section":"Shading Mode"},"sceneLighting":false,"audioPlay":false,"sceneViewState":{"m_AlwaysRefresh":false,"showFog":true,"showSkybox":false,"showFlares":true,"showImageEffects":true,"showParticleSystems":true,"showVisualEffectGraphs":true,"m_FxEnabled":true},"in2DMode":false,"pivot":{"x":0.17805811762809754,"y":5.315234661102295,"z":47.402679443359378},"rotation":{"x":-0.1374782919883728,"y":0.6865803599357605,"z":-0.13489826023578645,"w":-0.7011492848396301},"size":0.3879479765892029,"orthographic":false}