{"cameraMode":{"drawMode":0,"name":"Shaded","section":"Shading Mode"},"sceneLighting":true,"audioPlay":false,"sceneViewState":{"m_AlwaysRefresh":false,"showFog":true,"showSkybox":true,"showFlares":true,"showImageEffects":true,"showParticleSystems":true,"showVisualEffectGraphs":true,"m_FxEnabled":true},"in2DMode":false,"pivot":{"x":0.0016829967498779297,"y":3.355633497238159,"z":48.55804443359375},"rotation":{"x":-0.1374782919883728,"y":0.6865803599357605,"z":-0.13489826023578645,"w":-0.7011492848396301},"size":5.833216667175293,"orthographic":false}