{"cameraMode":{"drawMode":0,"name":"Shaded","section":"Shading Mode"},"sceneLighting":true,"audioPlay":false,"sceneViewState":{"m_AlwaysRefresh":false,"showFog":true,"showSkybox":true,"showFlares":true,"showImageEffects":true,"showParticleSystems":true,"showVisualEffectGraphs":true,"m_FxEnabled":true},"in2DMode":false,"pivot":{"x":582.8728637695313,"y":241.42189025878907,"z":71.9710922241211},"rotation":{"x":-0.23510681092739106,"y":0.0052686999551951889,"z":-0.0013784514740109444,"w":-0.9720500111579895},"size":318.17864990234377,"orthographic":false}