{"cameraMode":{"drawMode":0,"name":"Shaded","section":"Shading Mode"},"sceneLighting":true,"audioPlay":false,"sceneViewState":{"m_AlwaysRefresh":false,"showFog":true,"showSkybox":true,"showFlares":true,"showImageEffects":true,"showParticleSystems":true,"showVisualEffectGraphs":true,"m_FxEnabled":true},"in2DMode":false,"pivot":{"x":314.7062683105469,"y":74.01050567626953,"z":316.56353759765627},"rotation":{"x":0.12596027553081513,"y":0.01636422425508499,"z":-0.002057501580566168,"w":0.9919245839118958},"size":349.6327209472656,"orthographic":false}