{"cameraMode":{"drawMode":0,"name":"Shaded","section":"Shading Mode"},"sceneLighting":false,"audioPlay":false,"sceneViewState":{"m_AlwaysRefresh":false,"showFog":true,"showSkybox":false,"showFlares":true,"showImageEffects":true,"showParticleSystems":true,"showVisualEffectGraphs":true,"m_FxEnabled":true},"in2DMode":false,"pivot":{"x":0.16999998688697816,"y":2.0797955989837648,"z":-0.8570365905761719},"rotation":{"x":0.005488770082592964,"y":-0.70965576171875,"z":0.005555457901209593,"w":0.704551637172699},"size":1.892813801765442,"orthographic":false}